"X","TEAM_ID","TEAM_NAME","GP","W","L","W_PCT","MIN","OFF_RATING","PACE","POSS","Season"
1,1610612737,"Atlanta Hawks",82,56,26,0.683,3961,106.4,88.54,7304,"1996-97"
2,1610612738,"Boston Celtics",82,15,67,0.183,3981,102.9,96.78,8014,"1996-97"
3,1610612766,"Charlotte Hornets",82,54,28,0.659,3961,109.1,90.04,7429,"1996-97"
4,1610612741,"Chicago Bulls",82,69,13,0.841,3946,112.4,91.5,7522,"1996-97"
5,1610612739,"Cleveland Cavaliers",82,42,40,0.512,3971,102.7,84.31,6983,"1996-97"
6,1610612742,"Dallas Mavericks",82,24,58,0.293,3961,99.5,90.65,7464,"1996-97"
7,1610612743,"Denver Nuggets",82,21,61,0.256,3986,103.1,93.67,7776,"1996-97"
8,1610612765,"Detroit Pistons",82,54,28,0.659,3966,108.5,86.09,7120,"1996-97"
9,1610612744,"Golden State Warriors",82,30,52,0.366,3981,105.3,93.58,7761,"1996-97"
10,1610612745,"Houston Rockets",82,57,25,0.695,3971,107.5,92.73,7674,"1996-97"
11,1610612754,"Indiana Pacers",82,39,43,0.476,3986,104.2,90.44,7501,"1996-97"
12,1610612746,"Los Angeles Clippers",82,36,46,0.439,3986,103.5,92.65,7703,"1996-97"
13,1610612747,"Los Angeles Lakers",82,56,26,0.683,3986,106.4,92.61,7705,"1996-97"
14,1610612748,"Miami Heat",82,61,21,0.744,3961,105.2,89.54,7393,"1996-97"
15,1610612749,"Milwaukee Bucks",82,33,49,0.402,3946,104.7,90.85,7465,"1996-97"
16,1610612750,"Minnesota Timberwolves",82,40,42,0.488,3956,103.9,92.04,7588,"1996-97"
17,1610612751,"New Jersey Nets",82,26,56,0.317,3956,102.4,94.47,7785,"1996-97"
18,1610612752,"New York Knicks",82,57,25,0.695,3971,102.9,91.84,7598,"1996-97"
19,1610612753,"Orlando Magic",82,45,37,0.549,3971,103.8,89.88,7438,"1996-97"
20,1610612755,"Philadelphia 76ers",82,22,60,0.268,3956,102.6,97.05,8006,"1996-97"
21,1610612756,"Phoenix Suns",82,40,42,0.488,3971,108,94.46,7808,"1996-97"
22,1610612757,"Portland Trail Blazers",82,49,33,0.598,3971,106.3,92.17,7635,"1996-97"
23,1610612758,"Sacramento Kings",82,34,48,0.415,3962,102.7,92.68,7654,"1996-97"
24,1610612759,"San Antonio Spurs",82,20,62,0.244,3946,102.1,88.45,7268,"1996-97"
25,1610612760,"Seattle SuperSonics",82,57,25,0.695,3956,109.6,91.68,7549,"1996-97"
26,1610612761,"Toronto Raptors",82,30,52,0.366,3966,102.9,92.03,7608,"1996-97"
27,1610612762,"Utah Jazz",82,64,18,0.78,3966,112.4,91.1,7520,"1996-97"
28,1610612763,"Vancouver Grizzlies",82,14,68,0.171,3956,99.1,89.7,7380,"1996-97"
29,1610612764,"Washington Bullets",82,44,38,0.537,3971,105.2,93.52,7746,"1996-97"
30,1610612737,"Atlanta Hawks",82,50,32,0.61,3976,106.5,89.1,7377,"1997-98"
31,1610612738,"Boston Celtics",82,36,46,0.439,3946,100.8,94.9,7800,"1997-98"
32,1610612766,"Charlotte Hornets",82,51,31,0.622,3956,105.5,91.13,7511,"1997-98"
33,1610612741,"Chicago Bulls",82,62,20,0.756,3971,106.2,90.3,7471,"1997-98"
34,1610612739,"Cleveland Cavaliers",82,47,35,0.573,3966,100.3,91.43,7561,"1997-98"
35,1610612742,"Dallas Mavericks",82,20,62,0.244,3981,98.9,91.47,7575,"1997-98"
36,1610612743,"Denver Nuggets",82,11,71,0.134,3946,97.4,91.06,7496,"1997-98"
37,1610612765,"Detroit Pistons",82,37,45,0.451,3991,103.4,89.75,7468,"1997-98"
38,1610612744,"Golden State Warriors",82,19,63,0.232,3966,93.9,93.31,7707,"1997-98"
39,1610612745,"Houston Rockets",82,41,41,0.5,3966,105.9,92.52,7649,"1997-98"
40,1610612754,"Indiana Pacers",82,58,24,0.707,3966,106.3,89.69,7410,"1997-98"
41,1610612746,"Los Angeles Clippers",82,17,65,0.207,3956,101.8,93.74,7723,"1997-98"
42,1610612747,"Los Angeles Lakers",82,61,21,0.744,3966,110.4,94.85,7836,"1997-98"
43,1610612748,"Miami Heat",82,55,27,0.671,3951,105.7,89.35,7367,"1997-98"
44,1610612749,"Milwaukee Bucks",82,36,46,0.439,3986,101.5,91.9,7637,"1997-98"
45,1610612750,"Minnesota Timberwolves",82,45,37,0.549,3986,106.4,93.89,7793,"1997-98"
46,1610612751,"New Jersey Nets",82,43,39,0.524,3976,105.8,93.16,7723,"1997-98"
47,1610612752,"New York Knicks",82,43,39,0.524,3966,101.5,89.53,7398,"1997-98"
48,1610612753,"Orlando Magic",82,41,41,0.5,3966,101,88.51,7315,"1997-98"
49,1610612755,"Philadelphia 76ers",82,31,51,0.378,3951,101.1,92.11,7570,"1997-98"
50,1610612756,"Phoenix Suns",82,56,26,0.683,3991,106.3,92.47,7685,"1997-98"
51,1610612757,"Portland Trail Blazers",82,46,36,0.561,3966,102.4,91.46,7555,"1997-98"
52,1610612758,"Sacramento Kings",82,27,55,0.329,3946,99.1,93.78,7709,"1997-98"
53,1610612759,"San Antonio Spurs",82,56,26,0.683,3966,102.4,89.65,7407,"1997-98"
54,1610612760,"Seattle SuperSonics",82,61,21,0.744,3951,110.1,90.96,7487,"1997-98"
55,1610612761,"Toronto Raptors",82,16,66,0.195,3986,99.4,94.36,7829,"1997-98"
56,1610612762,"Utah Jazz",82,62,20,0.756,3956,110.9,90.55,7464,"1997-98"
57,1610612763,"Vancouver Grizzlies",82,19,63,0.232,3966,102.4,93.6,7735,"1997-98"
58,1610612764,"Washington Wizards",82,42,40,0.512,3961,103.9,92.98,7669,"1997-98"
59,1610612737,"Atlanta Hawks",50,31,19,0.62,2415,98.4,87.1,4387,"1998-99"
60,1610612738,"Boston Celtics",50,19,31,0.38,2430,98.7,93.02,4711,"1998-99"
61,1610612766,"Charlotte Hornets",50,26,24,0.52,2430,100.4,91.43,4626,"1998-99"
62,1610612741,"Chicago Bulls",50,13,37,0.26,2414,91.4,89.19,4482,"1998-99"
63,1610612739,"Cleveland Cavaliers",50,22,28,0.44,2410,98.2,87.66,4400,"1998-99"
64,1610612742,"Dallas Mavericks",50,19,31,0.38,2415,100.2,90.8,4570,"1998-99"
65,1610612743,"Denver Nuggets",50,14,36,0.28,2405,101.4,91.99,4611,"1998-99"
66,1610612765,"Detroit Pistons",50,29,21,0.58,2410,102.4,87.93,4411,"1998-99"
67,1610612744,"Golden State Warriors",50,21,29,0.42,2425,96,90.96,4600,"1998-99"
68,1610612745,"Houston Rockets",50,31,19,0.62,2415,103.5,90.45,4551,"1998-99"
69,1610612754,"Indiana Pacers",50,33,17,0.66,2420,106.6,88.16,4442,"1998-99"
70,1610612746,"Los Angeles Clippers",50,9,41,0.18,2425,98.3,91.04,4599,"1998-99"
71,1610612747,"Los Angeles Lakers",50,31,19,0.62,2410,106.1,92.95,4666,"1998-99"
72,1610612748,"Miami Heat",50,33,17,0.66,2405,102.9,86.35,4325,"1998-99"
73,1610612749,"Milwaukee Bucks",50,28,22,0.56,2410,102.9,88.64,4453,"1998-99"
74,1610612750,"Minnesota Timberwolves",50,25,25,0.5,2405,99.9,92.86,4651,"1998-99"
75,1610612751,"New Jersey Nets",50,16,34,0.32,2410,97,93.73,4711,"1998-99"
76,1610612752,"New York Knicks",50,27,23,0.54,2420,97.2,88.22,4446,"1998-99"
77,1610612753,"Orlando Magic",50,33,17,0.66,2410,98.9,89.93,4521,"1998-99"
78,1610612755,"Philadelphia 76ers",50,28,22,0.56,2430,97.8,90.56,4582,"1998-99"
79,1610612756,"Phoenix Suns",50,27,23,0.54,2410,103.9,91.54,4601,"1998-99"
80,1610612757,"Portland Trail Blazers",50,35,15,0.7,2435,102.8,90.81,4613,"1998-99"
81,1610612758,"Sacramento Kings",50,27,23,0.54,2440,101.2,97.36,4948,"1998-99"
82,1610612759,"San Antonio Spurs",50,37,13,0.74,2415,102.7,89.88,4517,"1998-99"
83,1610612760,"Seattle SuperSonics",50,25,25,0.5,2420,103.2,91.22,4594,"1998-99"
84,1610612761,"Toronto Raptors",50,23,27,0.46,2415,99.8,90.67,4565,"1998-99"
85,1610612762,"Utah Jazz",50,37,13,0.74,2435,104.2,88.37,4480,"1998-99"
86,1610612763,"Vancouver Grizzlies",50,8,42,0.16,2435,97.1,90.29,4576,"1998-99"
87,1610612764,"Washington Wizards",50,18,32,0.36,2410,99.8,91.11,4571,"1998-99"
88,1610612737,"Atlanta Hawks",82,28,54,0.341,3966,100.1,93.55,7731,"1999-00"
89,1610612738,"Boston Celtics",82,35,47,0.427,3946,102.9,96.19,7918,"1999-00"
90,1610612766,"Charlotte Hornets",82,49,33,0.598,3956,102.5,95.58,7876,"1999-00"
91,1610612741,"Chicago Bulls",82,17,65,0.207,3961,92.8,90.93,7492,"1999-00"
92,1610612739,"Cleveland Cavaliers",82,32,50,0.39,3971,98.7,97.36,8051,"1999-00"
93,1610612742,"Dallas Mavericks",82,40,42,0.488,3946,104.7,96.64,7941,"1999-00"
94,1610612743,"Denver Nuggets",82,35,47,0.427,3971,102.2,95.95,7944,"1999-00"
95,1610612765,"Detroit Pistons",82,42,40,0.512,3966,105.2,97.56,8063,"1999-00"
96,1610612744,"Golden State Warriors",82,19,63,0.232,3951,98,97.11,7991,"1999-00"
97,1610612745,"Houston Rockets",82,34,48,0.415,3966,103.3,95.54,7892,"1999-00"
98,1610612754,"Indiana Pacers",82,56,26,0.683,3946,106.8,94.7,7777,"1999-00"
99,1610612746,"Los Angeles Clippers",82,15,67,0.183,3940,96.1,95.69,7849,"1999-00"
100,1610612747,"Los Angeles Lakers",82,67,15,0.817,3961,105.4,95.04,7840,"1999-00"
101,1610612748,"Miami Heat",82,52,30,0.634,3966,102.5,91.22,7548,"1999-00"
102,1610612749,"Milwaukee Bucks",82,42,40,0.512,3971,106.5,94.27,7796,"1999-00"
103,1610612750,"Minnesota Timberwolves",82,50,32,0.61,3981,104.2,93.37,7751,"1999-00"
104,1610612751,"New Jersey Nets",82,31,51,0.378,3966,102.8,94.63,7820,"1999-00"
105,1610612752,"New York Knicks",82,50,32,0.61,3966,100.9,90.54,7485,"1999-00"
106,1610612753,"Orlando Magic",82,41,41,0.5,3951,101.1,98.68,8120,"1999-00"
107,1610612755,"Philadelphia 76ers",82,49,33,0.598,3966,99.9,94.25,7782,"1999-00"
108,1610612756,"Phoenix Suns",82,53,29,0.646,3961,102.7,95.67,7895,"1999-00"
109,1610612757,"Portland Trail Blazers",82,59,23,0.72,3956,106.5,91.03,7505,"1999-00"
110,1610612758,"Sacramento Kings",82,44,38,0.537,3961,103.6,100.66,8306,"1999-00"
111,1610612759,"San Antonio Spurs",82,53,29,0.646,3971,103.5,92.11,7620,"1999-00"
112,1610612760,"Seattle SuperSonics",82,45,37,0.549,3956,104,94.74,7809,"1999-00"
113,1610612761,"Toronto Raptors",82,45,37,0.549,3951,102.7,94.3,7760,"1999-00"
114,1610612762,"Utah Jazz",82,55,27,0.671,3951,105.7,90.84,7488,"1999-00"
115,1610612763,"Vancouver Grizzlies",82,22,60,0.268,3971,100.7,92.46,7647,"1999-00"
116,1610612764,"Washington Wizards",82,29,53,0.354,3961,101.8,94.33,7781,"1999-00"
117,1610612737,"Atlanta Hawks",82,25,57,0.305,3946,96.9,93.63,7695,"2000-01"
118,1610612738,"Boston Celtics",82,36,46,0.439,3966,100.1,93.81,7748,"2000-01"
119,1610612766,"Charlotte Hornets",82,46,36,0.561,3976,99.7,91.24,7565,"2000-01"
120,1610612741,"Chicago Bulls",82,15,67,0.183,3971,95.9,90.47,7486,"2000-01"
121,1610612739,"Cleveland Cavaliers",82,30,52,0.366,3966,99.3,92.32,7613,"2000-01"
122,1610612742,"Dallas Mavericks",82,53,29,0.646,3961,105.6,94.52,7803,"2000-01"
123,1610612743,"Denver Nuggets",82,40,42,0.488,3956,102.2,93.98,7751,"2000-01"
124,1610612765,"Detroit Pistons",82,32,50,0.39,3971,98.5,96.15,7955,"2000-01"
125,1610612744,"Golden State Warriors",82,17,65,0.207,3956,96.3,95.7,7879,"2000-01"
126,1610612745,"Houston Rockets",82,45,37,0.549,3966,105.2,91.66,7575,"2000-01"
127,1610612754,"Indiana Pacers",82,41,41,0.5,3996,100.3,90.89,7566,"2000-01"
128,1610612746,"Los Angeles Clippers",82,31,51,0.378,4006,100.3,90.67,7559,"2000-01"
129,1610612747,"Los Angeles Lakers",82,56,26,0.683,3981,107,92.9,7710,"2000-01"
130,1610612748,"Miami Heat",82,50,32,0.61,3976,99.4,88.39,7331,"2000-01"
131,1610612749,"Milwaukee Bucks",82,52,30,0.634,3956,106.8,93.89,7733,"2000-01"
132,1610612750,"Minnesota Timberwolves",82,47,35,0.573,3966,103.9,92.99,7679,"2000-01"
133,1610612751,"New Jersey Nets",82,26,56,0.317,3946,98.4,93.35,7674,"2000-01"
134,1610612752,"New York Knicks",82,48,34,0.585,3981,100,87.74,7276,"2000-01"
135,1610612753,"Orlando Magic",82,43,39,0.524,3991,102.1,94.14,7828,"2000-01"
136,1610612755,"Philadelphia 76ers",82,56,26,0.683,3971,101.9,92.09,7619,"2000-01"
137,1610612756,"Phoenix Suns",82,51,31,0.622,3961,98.9,94.41,7792,"2000-01"
138,1610612757,"Portland Trail Blazers",82,50,32,0.61,3956,104.7,90.53,7475,"2000-01"
139,1610612758,"Sacramento Kings",82,55,27,0.671,4016,104.2,95.61,8010,"2000-01"
140,1610612759,"San Antonio Spurs",82,58,24,0.707,3966,105,90.87,7514,"2000-01"
141,1610612760,"Seattle SuperSonics",82,44,38,0.537,3961,104.4,92.69,7643,"2000-01"
142,1610612761,"Toronto Raptors",82,47,35,0.573,3991,104.4,92.22,7671,"2000-01"
143,1610612762,"Utah Jazz",82,53,29,0.646,3956,106.1,91.08,7503,"2000-01"
144,1610612763,"Vancouver Grizzlies",82,23,59,0.28,3956,98.2,93.03,7662,"2000-01"
145,1610612764,"Washington Wizards",82,19,63,0.232,3936,99.4,93.97,7695,"2000-01"
146,1610612737,"Atlanta Hawks",82,33,49,0.402,3956,100.4,93.21,7678,"2001-02"
147,1610612738,"Boston Celtics",82,49,33,0.598,3966,102.1,93.6,7738,"2001-02"
148,1610612766,"Charlotte Hornets",82,44,38,0.537,3951,102.9,90.93,7480,"2001-02"
149,1610612741,"Chicago Bulls",82,21,61,0.256,3961,97.2,91.56,7549,"2001-02"
150,1610612739,"Cleveland Cavaliers",82,29,53,0.354,3971,103.4,91.31,7553,"2001-02"
151,1610612742,"Dallas Mavericks",82,57,25,0.695,3976,110.3,94.36,7823,"2001-02"
152,1610612743,"Denver Nuggets",82,27,55,0.329,3961,100.3,91.35,7537,"2001-02"
153,1610612765,"Detroit Pistons",82,50,32,0.61,3936,103.2,91.38,7495,"2001-02"
154,1610612744,"Golden State Warriors",82,21,61,0.256,3956,101.5,95.75,7890,"2001-02"
155,1610612745,"Houston Rockets",82,28,54,0.341,3996,101.6,89.56,7456,"2001-02"
156,1610612754,"Indiana Pacers",82,42,40,0.512,3981,102.8,93.13,7721,"2001-02"
157,1610612746,"Los Angeles Clippers",82,39,43,0.476,3961,104.3,91.21,7524,"2001-02"
158,1610612747,"Los Angeles Lakers",82,58,24,0.707,3956,108,93.32,7691,"2001-02"
159,1610612763,"Memphis Grizzlies",82,23,59,0.28,3956,96.6,92.55,7629,"2001-02"
160,1610612748,"Miami Heat",82,36,46,0.439,3986,97.3,88.47,7346,"2001-02"
161,1610612749,"Milwaukee Bucks",82,41,41,0.5,3981,105.3,91.51,7591,"2001-02"
162,1610612750,"Minnesota Timberwolves",82,50,32,0.61,3961,107.5,91.72,7578,"2001-02"
163,1610612751,"New Jersey Nets",82,52,30,0.634,3966,102.4,93.2,7707,"2001-02"
164,1610612752,"New York Knicks",82,30,52,0.366,3961,100.4,90.78,7487,"2001-02"
165,1610612753,"Orlando Magic",82,44,38,0.537,3966,105.6,94.4,7805,"2001-02"
166,1610612755,"Philadelphia 76ers",82,43,39,0.524,3946,100.5,90.32,7424,"2001-02"
167,1610612756,"Phoenix Suns",82,36,46,0.439,3966,101.8,92.74,7663,"2001-02"
168,1610612757,"Portland Trail Blazers",82,49,33,0.598,3966,105.9,90.55,7482,"2001-02"
169,1610612758,"Sacramento Kings",82,61,21,0.744,3951,107.9,96.74,7951,"2001-02"
170,1610612759,"San Antonio Spurs",82,58,24,0.707,3971,105.4,91.06,7528,"2001-02"
171,1610612760,"Seattle SuperSonics",82,45,37,0.549,3966,107.3,90.35,7468,"2001-02"
172,1610612761,"Toronto Raptors",82,42,40,0.512,3951,101.1,90.02,7414,"2001-02"
173,1610612762,"Utah Jazz",82,44,38,0.537,3966,103.8,91.75,7582,"2001-02"
174,1610612764,"Washington Wizards",82,37,45,0.451,3946,102.9,89.93,7395,"2001-02"
175,1610612737,"Atlanta Hawks",82,35,47,0.427,3981,100.4,92.63,7683,"2002-03"
176,1610612738,"Boston Celtics",82,44,38,0.537,3966,100,91.95,7602,"2002-03"
177,1610612741,"Chicago Bulls",82,30,52,0.366,3985,99.1,94.76,7857,"2002-03"
178,1610612739,"Cleveland Cavaliers",82,17,65,0.207,3966,95.2,95.32,7870,"2002-03"
179,1610612742,"Dallas Mavericks",82,60,22,0.732,3956,109.3,93.75,7726,"2002-03"
180,1610612743,"Denver Nuggets",82,17,65,0.207,3946,91.2,92.11,7568,"2002-03"
181,1610612765,"Detroit Pistons",82,50,32,0.61,3981,102.4,88.26,7318,"2002-03"
182,1610612744,"Golden State Warriors",82,38,44,0.463,3951,106.4,95.88,7897,"2002-03"
183,1610612745,"Houston Rockets",82,43,39,0.524,3986,102.4,90.36,7508,"2002-03"
184,1610612754,"Indiana Pacers",82,48,34,0.585,3981,103.2,92.71,7696,"2002-03"
185,1610612746,"Los Angeles Clippers",82,27,55,0.329,3951,101.1,92.68,7613,"2002-03"
186,1610612747,"Los Angeles Lakers",82,50,32,0.61,3986,105.6,93.78,7797,"2002-03"
187,1610612763,"Memphis Grizzlies",82,28,54,0.341,3986,102.3,94.03,7813,"2002-03"
188,1610612748,"Miami Heat",82,25,57,0.305,3966,95.4,88.93,7353,"2002-03"
189,1610612749,"Milwaukee Bucks",82,42,40,0.512,3981,107.2,91.76,7607,"2002-03"
190,1610612750,"Minnesota Timberwolves",82,51,31,0.622,3961,104.8,93.08,7681,"2002-03"
191,1610612751,"New Jersey Nets",82,49,33,0.598,3951,102.1,93,7661,"2002-03"
192,1610612740,"New Orleans Hornets",82,47,35,0.573,3981,102.4,90.72,7522,"2002-03"
193,1610612752,"New York Knicks",82,37,45,0.451,3971,103.3,92.06,7611,"2002-03"
194,1610612753,"Orlando Magic",82,42,40,0.512,3961,103.7,94.33,7788,"2002-03"
195,1610612755,"Philadelphia 76ers",82,48,34,0.585,3971,103.2,93.07,7694,"2002-03"
196,1610612756,"Phoenix Suns",82,44,38,0.537,3961,102.6,92.59,7637,"2002-03"
197,1610612757,"Portland Trail Blazers",82,50,32,0.61,3970,104.2,90.44,7486,"2002-03"
198,1610612758,"Sacramento Kings",82,59,23,0.72,3966,104.4,96.63,7987,"2002-03"
199,1610612759,"San Antonio Spurs",82,60,22,0.732,3966,103.9,91.46,7558,"2002-03"
200,1610612760,"Seattle SuperSonics",82,40,42,0.488,3971,102.4,89.17,7379,"2002-03"
201,1610612761,"Toronto Raptors",82,24,58,0.293,3961,99.3,91.01,7507,"2002-03"
202,1610612762,"Utah Jazz",82,47,35,0.573,3956,103.7,90.78,7483,"2002-03"
203,1610612764,"Washington Wizards",82,37,45,0.451,3966,101.5,89.46,7390,"2002-03"
204,1610612737,"Atlanta Hawks",82,28,54,0.341,3981,99.1,92.68,7680,"2003-04"
205,1610612738,"Boston Celtics",82,36,46,0.439,3941,100.7,94.47,7757,"2003-04"
206,1610612741,"Chicago Bulls",82,23,59,0.28,3966,95.6,93.23,7694,"2003-04"
207,1610612739,"Cleveland Cavaliers",82,35,47,0.427,3971,100.6,91.71,7577,"2003-04"
208,1610612742,"Dallas Mavericks",82,52,30,0.634,3961,110.4,94.62,7814,"2003-04"
209,1610612743,"Denver Nuggets",82,43,39,0.524,3946,102.4,94.64,7786,"2003-04"
210,1610612765,"Detroit Pistons",82,54,28,0.659,3956,100.3,89.34,7365,"2003-04"
211,1610612744,"Golden State Warriors",82,37,45,0.451,3971,101.5,90.95,7535,"2003-04"
212,1610612745,"Houston Rockets",82,45,37,0.549,3986,99.7,88.92,7384,"2003-04"
213,1610612754,"Indiana Pacers",82,61,21,0.744,3961,102.5,88.54,7311,"2003-04"
214,1610612746,"Los Angeles Clippers",82,28,54,0.341,3961,101.9,92.49,7624,"2003-04"
215,1610612747,"Los Angeles Lakers",82,56,26,0.683,3971,104.2,93.39,7729,"2003-04"
216,1610612763,"Memphis Grizzlies",82,50,32,0.61,3976,103.4,92.6,7670,"2003-04"
217,1610612748,"Miami Heat",82,42,40,0.512,3951,100.6,89.3,7361,"2003-04"
218,1610612749,"Milwaukee Bucks",82,41,41,0.5,3956,104.6,93.2,7682,"2003-04"
219,1610612750,"Minnesota Timberwolves",82,58,24,0.707,3951,104.2,90.24,7441,"2003-04"
220,1610612751,"New Jersey Nets",82,47,35,0.573,3941,99,90.97,7475,"2003-04"
221,1610612740,"New Orleans Hornets",82,41,41,0.5,3966,100.7,90.59,7476,"2003-04"
222,1610612752,"New York Knicks",82,39,43,0.476,3976,99.7,91.29,7563,"2003-04"
223,1610612753,"Orlando Magic",82,21,61,0.256,3966,101.4,92.14,7608,"2003-04"
224,1610612755,"Philadelphia 76ers",82,33,49,0.402,3971,97.8,89.26,7379,"2003-04"
225,1610612756,"Phoenix Suns",82,29,53,0.354,3946,100.3,93.72,7699,"2003-04"
226,1610612757,"Portland Trail Blazers",82,41,41,0.5,3996,102.1,87.54,7289,"2003-04"
227,1610612758,"Sacramento Kings",82,55,27,0.671,3956,108.6,94.25,7765,"2003-04"
228,1610612759,"San Antonio Spurs",82,57,25,0.695,3951,101,90.23,7428,"2003-04"
229,1610612760,"Seattle SuperSonics",82,37,45,0.451,3961,105.6,91.34,7542,"2003-04"
230,1610612761,"Toronto Raptors",82,33,49,0.402,3996,95.3,88.24,7348,"2003-04"
231,1610612762,"Utah Jazz",82,42,40,0.512,3956,100,88.26,7271,"2003-04"
232,1610612764,"Washington Wizards",82,25,57,0.305,3966,97.2,93.9,7751,"2003-04"
233,1610612737,"Atlanta Hawks",82,13,69,0.159,3971,98.8,93.09,7695,"2004-05"
234,1610612738,"Boston Celtics",82,45,37,0.549,3976,105.9,94.61,7839,"2004-05"
235,1610612766,"Charlotte Bobcats",82,18,64,0.22,3976,99.8,93.54,7743,"2004-05"
236,1610612741,"Chicago Bulls",82,47,35,0.573,3966,100.5,93.41,7707,"2004-05"
237,1610612739,"Cleveland Cavaliers",82,42,40,0.512,3971,105.3,90.72,7516,"2004-05"
238,1610612742,"Dallas Mavericks",82,58,24,0.707,3946,108.5,94.18,7749,"2004-05"
239,1610612743,"Denver Nuggets",82,49,33,0.598,3951,104.7,94.68,7792,"2004-05"
240,1610612765,"Detroit Pistons",82,54,28,0.659,3991,103.9,88.59,7364,"2004-05"
241,1610612744,"Golden State Warriors",82,34,48,0.415,3981,103.4,94.45,7830,"2004-05"
242,1610612745,"Houston Rockets",82,51,31,0.622,3971,104.4,90.18,7467,"2004-05"
243,1610612754,"Indiana Pacers",82,44,38,0.537,3981,103.7,88.71,7351,"2004-05"
244,1610612746,"Los Angeles Clippers",82,37,45,0.451,4006,103.8,90.66,7564,"2004-05"
245,1610612747,"Los Angeles Lakers",82,34,48,0.415,3956,106.4,92.34,7610,"2004-05"
246,1610612763,"Memphis Grizzlies",82,45,37,0.549,3941,104.2,89.65,7355,"2004-05"
247,1610612748,"Miami Heat",82,59,23,0.72,3996,108.9,91.73,7647,"2004-05"
248,1610612749,"Milwaukee Bucks",82,30,52,0.366,3956,105.1,92.14,7584,"2004-05"
249,1610612750,"Minnesota Timberwolves",82,44,38,0.537,3951,106.6,90.39,7440,"2004-05"
250,1610612751,"New Jersey Nets",82,42,40,0.512,3981,99.9,90.41,7501,"2004-05"
251,1610612740,"New Orleans Hornets",82,18,64,0.22,3986,98.2,88.97,7382,"2004-05"
252,1610612752,"New York Knicks",82,33,49,0.402,3976,104.5,92.12,7634,"2004-05"
253,1610612753,"Orlando Magic",82,36,46,0.439,3941,103.4,96.15,7891,"2004-05"
254,1610612755,"Philadelphia 76ers",82,43,39,0.524,3971,101.8,96.56,7985,"2004-05"
255,1610612756,"Phoenix Suns",82,62,20,0.756,3956,112.7,97.35,8034,"2004-05"
256,1610612757,"Portland Trail Blazers",82,27,55,0.329,3946,101.9,91.05,7481,"2004-05"
257,1610612758,"Sacramento Kings",82,50,32,0.61,3971,108.8,94.52,7819,"2004-05"
258,1610612759,"San Antonio Spurs",82,59,23,0.72,3961,106.1,89.96,7435,"2004-05"
259,1610612760,"Seattle SuperSonics",82,52,30,0.634,3951,110.3,89.24,7353,"2004-05"
260,1610612761,"Toronto Raptors",82,33,49,0.402,3961,105.4,94.01,7762,"2004-05"
261,1610612762,"Utah Jazz",82,26,56,0.317,3956,102.9,90.02,7409,"2004-05"
262,1610612764,"Washington Wizards",82,45,37,0.549,3956,105.4,94.8,7816,"2004-05"
263,1610612737,"Atlanta Hawks",82,26,56,0.317,3976,104.8,91.75,7607,"2005-06"
264,1610612738,"Boston Celtics",82,33,49,0.402,3976,104,93.27,7722,"2005-06"
265,1610612766,"Charlotte Bobcats",82,26,56,0.317,3981,101.2,94.57,7851,"2005-06"
266,1610612741,"Chicago Bulls",82,41,41,0.5,3981,103.3,93.59,7762,"2005-06"
267,1610612739,"Cleveland Cavaliers",82,50,32,0.61,3966,106.6,90.77,7510,"2005-06"
268,1610612742,"Dallas Mavericks",82,60,22,0.732,3976,109.9,89.3,7397,"2005-06"
269,1610612743,"Denver Nuggets",82,44,38,0.537,3986,104.4,94.9,7877,"2005-06"
270,1610612765,"Detroit Pistons",82,64,18,0.78,3966,109.3,87.98,7268,"2005-06"
271,1610612744,"Golden State Warriors",82,34,48,0.415,3966,103.5,94.43,7800,"2005-06"
272,1610612745,"Houston Rockets",82,34,48,0.415,3966,100.4,89.07,7358,"2005-06"
273,1610612754,"Indiana Pacers",82,41,41,0.5,3946,103.1,90.85,7470,"2005-06"
274,1610612746,"Los Angeles Clippers",82,47,35,0.573,3961,103.8,92.99,7675,"2005-06"
275,1610612747,"Los Angeles Lakers",82,45,37,0.549,3971,106.8,92.22,7632,"2005-06"
276,1610612763,"Memphis Grizzlies",82,49,33,0.598,3971,104.5,87.39,7232,"2005-06"
277,1610612748,"Miami Heat",82,52,30,0.634,3951,107.5,92.56,7622,"2005-06"
278,1610612749,"Milwaukee Bucks",82,40,42,0.488,3971,104.9,92.45,7646,"2005-06"
279,1610612750,"Minnesota Timberwolves",82,33,49,0.402,3971,101.5,89.58,7409,"2005-06"
280,1610612751,"New Jersey Nets",82,49,33,0.598,3956,102.4,91.17,7513,"2005-06"
281,1610612740,"New Orleans/Oklahoma City Hornets",82,38,44,0.463,3961,102.3,90.32,7442,"2005-06"
282,1610612752,"New York Knicks",82,23,59,0.28,3986,102.7,92.03,7633,"2005-06"
283,1610612753,"Orlando Magic",82,36,46,0.439,3981,105.3,89.12,7395,"2005-06"
284,1610612755,"Philadelphia 76ers",82,38,44,0.463,3981,104.7,93.91,7780,"2005-06"
285,1610612756,"Phoenix Suns",82,54,28,0.659,3991,110.2,96.92,8067,"2005-06"
286,1610612757,"Portland Trail Blazers",82,21,61,0.256,3946,99.7,88.88,7308,"2005-06"
287,1610612758,"Sacramento Kings",82,44,38,0.537,3966,105.3,93.26,7701,"2005-06"
288,1610612759,"San Antonio Spurs",82,63,19,0.768,3961,106.2,89.41,7382,"2005-06"
289,1610612760,"Seattle SuperSonics",82,35,47,0.427,3966,109.4,93.04,7689,"2005-06"
290,1610612761,"Toronto Raptors",82,27,55,0.329,3991,107.9,92.33,7678,"2005-06"
291,1610612762,"Utah Jazz",82,41,41,0.5,3976,102.4,89.4,7398,"2005-06"
292,1610612764,"Washington Wizards",82,42,40,0.512,3966,107.7,93.68,7742,"2005-06"
293,1610612737,"Atlanta Hawks",82,30,52,0.366,3976,102,90.98,7533,"2006-07"
294,1610612738,"Boston Celtics",82,24,58,0.293,3971,102.3,92.91,7680,"2006-07"
295,1610612766,"Charlotte Bobcats",82,33,49,0.402,4001,102.4,93.11,7758,"2006-07"
296,1610612741,"Chicago Bulls",82,49,33,0.598,3956,104,94.47,7790,"2006-07"
297,1610612739,"Cleveland Cavaliers",82,50,32,0.61,3976,104.4,91.59,7598,"2006-07"
298,1610612742,"Dallas Mavericks",82,67,15,0.817,3951,109.7,90.68,7476,"2006-07"
299,1610612743,"Denver Nuggets",82,45,37,0.549,3956,106.7,98.2,8093,"2006-07"
300,1610612765,"Detroit Pistons",82,53,29,0.646,3976,107.4,88.56,7332,"2006-07"
301,1610612744,"Golden State Warriors",82,42,40,0.512,3951,106.2,99.97,8228,"2006-07"
302,1610612745,"Houston Rockets",82,52,30,0.634,3971,104.7,91.7,7598,"2006-07"
303,1610612754,"Indiana Pacers",82,35,47,0.427,3956,101.9,93.43,7697,"2006-07"
304,1610612746,"Los Angeles Clippers",82,40,42,0.488,3946,103.8,91.92,7554,"2006-07"
305,1610612747,"Los Angeles Lakers",82,42,40,0.512,4006,107.3,94.58,7898,"2006-07"
306,1610612763,"Memphis Grizzlies",82,22,60,0.268,3996,105.7,94.77,7883,"2006-07"
307,1610612748,"Miami Heat",82,44,38,0.537,3971,103.4,90.61,7503,"2006-07"
308,1610612749,"Milwaukee Bucks",82,28,54,0.341,3971,106,93.33,7709,"2006-07"
309,1610612750,"Minnesota Timberwolves",82,32,50,0.39,4001,102.4,92.19,7689,"2006-07"
310,1610612751,"New Jersey Nets",82,41,41,0.5,3976,104.2,92.69,7682,"2006-07"
311,1610612740,"New Orleans/Oklahoma City Hornets",82,39,43,0.476,3976,103.7,91.19,7551,"2006-07"
312,1610612752,"New York Knicks",82,33,49,0.402,4001,104.3,91.89,7661,"2006-07"
313,1610612753,"Orlando Magic",82,40,42,0.488,3956,104.1,90.54,7465,"2006-07"
314,1610612755,"Philadelphia 76ers",82,35,47,0.427,3976,102.4,91.84,7606,"2006-07"
315,1610612756,"Phoenix Suns",82,61,21,0.744,3981,112.9,96.45,8002,"2006-07"
316,1610612757,"Portland Trail Blazers",82,32,50,0.39,3991,103.8,89.36,7431,"2006-07"
317,1610612758,"Sacramento Kings",82,33,49,0.402,3961,105.1,95.83,7898,"2006-07"
318,1610612759,"San Antonio Spurs",82,58,24,0.707,3956,108.6,90.22,7440,"2006-07"
319,1610612760,"Seattle SuperSonics",82,31,51,0.378,3966,105.9,92.92,7674,"2006-07"
320,1610612761,"Toronto Raptors",82,47,35,0.573,3951,105.7,93.86,7719,"2006-07"
321,1610612762,"Utah Jazz",82,51,31,0.622,3961,108.6,92.81,7661,"2006-07"
322,1610612764,"Washington Wizards",82,41,41,0.5,3966,108.7,95.33,7870,"2006-07"
323,1610612737,"Atlanta Hawks",82,37,45,0.451,3971,105.5,92.35,7634,"2007-08"
324,1610612738,"Boston Celtics",82,66,16,0.805,3951,108.8,91.88,7575,"2007-08"
325,1610612766,"Charlotte Bobcats",82,32,50,0.39,3976,103.7,92.75,7678,"2007-08"
326,1610612741,"Chicago Bulls",82,33,49,0.402,3961,102.9,94.04,7754,"2007-08"
327,1610612739,"Cleveland Cavaliers",82,45,37,0.549,3971,104.8,91.06,7540,"2007-08"
328,1610612742,"Dallas Mavericks",82,51,31,0.622,3946,109.5,91.38,7518,"2007-08"
329,1610612743,"Denver Nuggets",82,50,32,0.61,3971,108.9,100.58,8330,"2007-08"
330,1610612765,"Detroit Pistons",82,59,23,0.72,3946,109.8,88.54,7279,"2007-08"
331,1610612744,"Golden State Warriors",82,48,34,0.585,3956,110.4,99.96,8249,"2007-08"
332,1610612745,"Houston Rockets",82,55,27,0.671,3946,105.4,91.42,7525,"2007-08"
333,1610612754,"Indiana Pacers",82,36,46,0.439,3951,105.1,98.64,8111,"2007-08"
334,1610612746,"Los Angeles Clippers",82,23,59,0.28,3961,99.9,93.38,7698,"2007-08"
335,1610612747,"Los Angeles Lakers",82,57,25,0.695,3956,111.7,96.7,7974,"2007-08"
336,1610612763,"Memphis Grizzlies",82,22,60,0.268,3961,103.9,96.33,7945,"2007-08"
337,1610612748,"Miami Heat",82,15,67,0.183,3966,99.4,91.24,7538,"2007-08"
338,1610612749,"Milwaukee Bucks",82,26,56,0.317,3971,103.9,92.61,7654,"2007-08"
339,1610612750,"Minnesota Timberwolves",82,22,60,0.268,3946,102.7,92.84,7632,"2007-08"
340,1610612751,"New Jersey Nets",82,34,48,0.415,3966,102.3,92.96,7679,"2007-08"
341,1610612740,"New Orleans Hornets",82,56,26,0.683,3961,110,91.04,7517,"2007-08"
342,1610612752,"New York Knicks",82,23,59,0.28,3976,103.5,92.76,7676,"2007-08"
343,1610612753,"Orlando Magic",82,52,30,0.634,3956,110.4,94.02,7757,"2007-08"
344,1610612755,"Philadelphia 76ers",82,40,42,0.488,3951,105.1,91.56,7536,"2007-08"
345,1610612756,"Phoenix Suns",82,55,27,0.671,3956,112,97.72,8058,"2007-08"
346,1610612757,"Portland Trail Blazers",82,41,41,0.5,3981,105.9,89.1,7381,"2007-08"
347,1610612758,"Sacramento Kings",82,38,44,0.463,3966,106.2,95.81,7920,"2007-08"
348,1610612759,"San Antonio Spurs",82,56,26,0.683,3946,106,89.72,7377,"2007-08"
349,1610612760,"Seattle SuperSonics",82,20,62,0.244,3966,99.6,97.32,8030,"2007-08"
350,1610612761,"Toronto Raptors",82,41,41,0.5,3966,108.9,91.35,7543,"2007-08"
351,1610612762,"Utah Jazz",82,54,28,0.659,3941,112.1,94.64,7773,"2007-08"
352,1610612764,"Washington Wizards",82,43,39,0.524,3981,107.6,90.85,7533,"2007-08"
353,1610612737,"Atlanta Hawks",82,47,35,0.573,3941,108.3,90.44,7428,"2008-09"
354,1610612738,"Boston Celtics",82,62,20,0.756,3976,109.5,91.15,7560,"2008-09"
355,1610612766,"Charlotte Bobcats",82,35,47,0.427,3986,103.7,89.18,7401,"2008-09"
356,1610612741,"Chicago Bulls",82,41,41,0.5,3986,107.2,94.1,7816,"2008-09"
357,1610612739,"Cleveland Cavaliers",82,66,16,0.805,3956,111.2,89.61,7395,"2008-09"
358,1610612742,"Dallas Mavericks",82,50,32,0.61,3961,109,92.68,7651,"2008-09"
359,1610612743,"Denver Nuggets",82,54,28,0.659,3946,109,95.39,7848,"2008-09"
360,1610612765,"Detroit Pistons",82,39,43,0.476,3981,105.8,88.02,7302,"2008-09"
361,1610612744,"Golden State Warriors",82,29,53,0.354,3976,108,99.57,8247,"2008-09"
362,1610612745,"Houston Rockets",82,53,29,0.646,3961,107.1,91.23,7532,"2008-09"
363,1610612754,"Indiana Pacers",82,36,46,0.439,3966,107.2,97.34,8037,"2008-09"
364,1610612746,"Los Angeles Clippers",82,19,63,0.232,3976,101,93.3,7723,"2008-09"
365,1610612747,"Los Angeles Lakers",82,65,17,0.793,3956,111.4,95.49,7874,"2008-09"
366,1610612763,"Memphis Grizzlies",82,24,58,0.293,3961,102.3,91.22,7528,"2008-09"
367,1610612748,"Miami Heat",82,43,39,0.524,3991,106.8,90.8,7547,"2008-09"
368,1610612749,"Milwaukee Bucks",82,34,48,0.415,3956,105.2,93.89,7736,"2008-09"
369,1610612750,"Minnesota Timberwolves",82,24,58,0.293,3961,104.9,92.76,7645,"2008-09"
370,1610612751,"New Jersey Nets",82,34,48,0.415,3966,106.8,91.12,7530,"2008-09"
371,1610612740,"New Orleans Hornets",82,49,33,0.598,3951,107.6,88.74,7303,"2008-09"
372,1610612752,"New York Knicks",82,32,50,0.39,3961,107,97.82,8066,"2008-09"
373,1610612760,"Oklahoma City Thunder",82,23,59,0.28,3961,101.4,95.1,7841,"2008-09"
374,1610612753,"Orlando Magic",82,59,23,0.72,3946,108.3,92.99,7649,"2008-09"
375,1610612755,"Philadelphia 76ers",82,41,41,0.5,3951,106.3,91.3,7512,"2008-09"
376,1610612756,"Phoenix Suns",82,46,36,0.561,3951,112.4,96.99,7984,"2008-09"
377,1610612757,"Portland Trail Blazers",82,54,28,0.659,3966,112.1,88.02,7273,"2008-09"
378,1610612758,"Sacramento Kings",82,17,65,0.207,3981,104.4,95.29,7901,"2008-09"
379,1610612759,"San Antonio Spurs",82,54,28,0.659,3981,107.6,89.19,7395,"2008-09"
380,1610612761,"Toronto Raptors",82,33,49,0.402,3961,105.5,93.26,7697,"2008-09"
381,1610612762,"Utah Jazz",82,48,34,0.585,3976,108.5,94.47,7827,"2008-09"
382,1610612764,"Washington Wizards",82,19,63,0.232,3941,104,92.26,7576,"2008-09"
383,1610612737,"Atlanta Hawks",82,53,29,0.646,3971,111,90.77,7515,"2009-10"
384,1610612738,"Boston Celtics",82,50,32,0.61,3956,106.9,92.22,7609,"2009-10"
385,1610612766,"Charlotte Bobcats",82,44,38,0.537,3976,103.9,90.91,7519,"2009-10"
386,1610612741,"Chicago Bulls",82,41,41,0.5,3981,102.6,94.02,7794,"2009-10"
387,1610612739,"Cleveland Cavaliers",82,61,21,0.744,3956,110.6,91.77,7573,"2009-10"
388,1610612742,"Dallas Mavericks",82,55,27,0.671,3976,107.8,93.6,7757,"2009-10"
389,1610612743,"Denver Nuggets",82,53,29,0.646,3956,110.8,95.61,7876,"2009-10"
390,1610612765,"Detroit Pistons",82,27,55,0.329,3956,104.5,89.46,7379,"2009-10"
391,1610612744,"Golden State Warriors",82,26,56,0.317,3946,107,101.52,8338,"2009-10"
392,1610612745,"Houston Rockets",82,42,40,0.512,3981,106.8,94.91,7857,"2009-10"
393,1610612754,"Indiana Pacers",82,32,50,0.39,3941,103,97.77,8024,"2009-10"
394,1610612746,"Los Angeles Clippers",82,29,53,0.354,3941,102.3,93.44,7670,"2009-10"
395,1610612747,"Los Angeles Lakers",82,57,25,0.695,3966,107.6,93.73,7749,"2009-10"
396,1610612763,"Memphis Grizzlies",82,40,42,0.488,3981,107.5,94.29,7816,"2009-10"
397,1610612748,"Miami Heat",82,47,35,0.573,3976,105.7,90.3,7485,"2009-10"
398,1610612749,"Milwaukee Bucks",82,46,36,0.561,3996,104,92.6,7698,"2009-10"
399,1610612750,"Minnesota Timberwolves",82,15,67,0.183,3956,100.6,97.12,8002,"2009-10"
400,1610612751,"New Jersey Nets",82,12,70,0.146,3956,99.3,92.65,7628,"2009-10"
401,1610612740,"New Orleans Hornets",82,37,45,0.451,3966,106.5,93.53,7721,"2009-10"
402,1610612752,"New York Knicks",82,29,53,0.354,3976,106.4,95.03,7872,"2009-10"
403,1610612760,"Oklahoma City Thunder",82,50,32,0.61,3961,107,94.13,7774,"2009-10"
404,1610612753,"Orlando Magic",82,59,23,0.72,3946,110.7,92.54,7614,"2009-10"
405,1610612755,"Philadelphia 76ers",82,27,55,0.329,3961,104.8,92.72,7648,"2009-10"
406,1610612756,"Phoenix Suns",82,54,28,0.659,3946,113.9,96.43,7937,"2009-10"
407,1610612757,"Portland Trail Blazers",82,50,32,0.61,3971,109.6,88.64,7339,"2009-10"
408,1610612758,"Sacramento Kings",82,25,57,0.305,3976,104.4,94.78,7855,"2009-10"
409,1610612759,"San Antonio Spurs",82,50,32,0.61,3956,109.3,92.26,7605,"2009-10"
410,1610612761,"Toronto Raptors",82,40,42,0.488,3956,110.2,93.94,7746,"2009-10"
411,1610612762,"Utah Jazz",82,53,29,0.646,3951,109.7,94.68,7791,"2009-10"
412,1610612764,"Washington Wizards",82,26,56,0.317,3966,103.1,92.6,7656,"2009-10"
413,1610612737,"Atlanta Hawks",82,44,38,0.537,3946,105.1,90.22,7410,"2010-11"
414,1610612738,"Boston Celtics",82,56,26,0.683,3956,105.5,90.92,7500,"2010-11"
415,1610612766,"Charlotte Bobcats",82,34,48,0.415,3961,102.8,90.3,7444,"2010-11"
416,1610612741,"Chicago Bulls",82,62,20,0.756,3966,107.2,91.2,7542,"2010-11"
417,1610612739,"Cleveland Cavaliers",82,19,63,0.232,3951,101.5,93.76,7715,"2010-11"
418,1610612742,"Dallas Mavericks",82,57,25,0.695,3941,108.4,92.24,7581,"2010-11"
419,1610612743,"Denver Nuggets",82,50,32,0.61,3941,111.7,96.06,7888,"2010-11"
420,1610612765,"Detroit Pistons",82,30,52,0.366,3976,107,89.79,7428,"2010-11"
421,1610612744,"Golden State Warriors",82,36,46,0.439,3966,107.1,95.85,7916,"2010-11"
422,1610612745,"Houston Rockets",82,43,39,0.524,3976,110.2,95.14,7880,"2010-11"
423,1610612754,"Indiana Pacers",82,37,45,0.451,3956,104.1,95.5,7864,"2010-11"
424,1610612746,"Los Angeles Clippers",82,32,50,0.39,3971,104.8,93.35,7718,"2010-11"
425,1610612747,"Los Angeles Lakers",82,57,25,0.695,3966,109.6,91.78,7594,"2010-11"
426,1610612763,"Memphis Grizzlies",82,46,36,0.561,3976,107,92.42,7656,"2010-11"
427,1610612748,"Miami Heat",82,58,24,0.707,3956,110.6,91.63,7564,"2010-11"
428,1610612749,"Milwaukee Bucks",82,35,47,0.427,3966,100.8,90.57,7477,"2010-11"
429,1610612750,"Minnesota Timberwolves",82,17,65,0.207,3956,103.2,97.49,8034,"2010-11"
430,1610612751,"New Jersey Nets",82,24,58,0.293,4001,102.1,90.7,7563,"2010-11"
431,1610612740,"New Orleans Hornets",82,46,36,0.561,3966,105.4,89.4,7387,"2010-11"
432,1610612752,"New York Knicks",82,42,40,0.512,3956,109.9,96.47,7945,"2010-11"
433,1610612760,"Oklahoma City Thunder",82,55,27,0.671,4001,109.9,93.84,7824,"2010-11"
434,1610612753,"Orlando Magic",82,52,30,0.634,3966,107.4,91.55,7575,"2010-11"
435,1610612755,"Philadelphia 76ers",82,41,41,0.5,3986,105.3,92.78,7709,"2010-11"
436,1610612756,"Phoenix Suns",82,40,42,0.488,4001,108.6,95.18,7930,"2010-11"
437,1610612757,"Portland Trail Blazers",82,48,34,0.585,3961,107.3,89.13,7359,"2010-11"
438,1610612758,"Sacramento Kings",82,24,58,0.293,3971,102.9,95.76,7923,"2010-11"
439,1610612759,"San Antonio Spurs",82,61,21,0.744,3956,110.5,93.34,7691,"2010-11"
440,1610612761,"Toronto Raptors",82,22,60,0.268,3956,105.2,93.78,7723,"2010-11"
441,1610612762,"Utah Jazz",82,39,43,0.476,3976,107,92.03,7619,"2010-11"
442,1610612764,"Washington Wizards",82,23,59,0.28,3986,101.3,94.76,7871,"2010-11"
443,1610612737,"Atlanta Hawks",66,40,26,0.606,3233,104.2,90.88,6117,"2011-12"
444,1610612738,"Boston Celtics",66,39,27,0.591,3188,100.1,91.11,6055,"2011-12"
445,1610612766,"Charlotte Bobcats",66,7,59,0.106,3178,94.4,91.86,6080,"2011-12"
446,1610612741,"Chicago Bulls",66,50,16,0.758,3188,106.3,89.98,5982,"2011-12"
447,1610612739,"Cleveland Cavaliers",66,21,45,0.318,3193,100,92.34,6140,"2011-12"
448,1610612742,"Dallas Mavericks",66,36,30,0.545,3213,102.1,92.61,6195,"2011-12"
449,1610612743,"Denver Nuggets",66,38,28,0.576,3208,108.3,95.03,6346,"2011-12"
450,1610612765,"Detroit Pistons",66,25,41,0.379,3193,100,90.31,6000,"2011-12"
451,1610612744,"Golden State Warriors",66,23,43,0.348,3183,103.9,93.78,6212,"2011-12"
452,1610612745,"Houston Rockets",66,34,32,0.515,3213,104.2,92.82,6215,"2011-12"
453,1610612754,"Indiana Pacers",66,42,24,0.636,3198,105.5,91.68,6115,"2011-12"
454,1610612746,"Los Angeles Clippers",66,40,26,0.606,3193,107.5,89.98,5989,"2011-12"
455,1610612747,"Los Angeles Lakers",66,41,25,0.621,3213,104.5,91.72,6145,"2011-12"
456,1610612763,"Memphis Grizzlies",66,41,25,0.621,3188,102.8,91.82,6099,"2011-12"
457,1610612748,"Miami Heat",66,46,20,0.697,3208,105.6,92.07,6154,"2011-12"
458,1610612749,"Milwaukee Bucks",66,31,35,0.47,3173,104.5,94.68,6256,"2011-12"
459,1610612750,"Minnesota Timberwolves",66,26,40,0.394,3188,103.1,94.44,6268,"2011-12"
460,1610612751,"New Jersey Nets",66,22,44,0.333,3178,101.8,91.26,6036,"2011-12"
461,1610612740,"New Orleans Hornets",66,21,45,0.318,3188,99.9,89.27,5924,"2011-12"
462,1610612752,"New York Knicks",66,36,30,0.545,3188,103.5,93.91,6242,"2011-12"
463,1610612760,"Oklahoma City Thunder",66,47,19,0.712,3198,108.4,94.11,6273,"2011-12"
464,1610612753,"Orlando Magic",66,37,29,0.561,3193,104,89.75,5978,"2011-12"
465,1610612755,"Philadelphia 76ers",66,35,31,0.53,3183,102.7,90.68,6016,"2011-12"
466,1610612756,"Phoenix Suns",66,33,33,0.5,3168,105.2,93.61,6173,"2011-12"
467,1610612757,"Portland Trail Blazers",66,28,38,0.424,3193,104.4,92.24,6143,"2011-12"
468,1610612758,"Sacramento Kings",66,22,44,0.333,3183,102.9,95.56,6333,"2011-12"
469,1610612759,"San Antonio Spurs",66,50,16,0.758,3188,110,93.67,6220,"2011-12"
470,1610612761,"Toronto Raptors",66,23,43,0.348,3193,99.6,90.19,6008,"2011-12"
471,1610612762,"Utah Jazz",66,36,30,0.545,3233,105.5,92.53,6236,"2011-12"
472,1610612764,"Washington Wizards",66,20,46,0.303,3173,100,93.59,6182,"2011-12"
473,1610612737,"Atlanta Hawks",82,44,38,0.537,3971,103.7,93.56,7744,"2012-13"
474,1610612738,"Boston Celtics",81,41,40,0.506,3968,102.2,92.46,7652,"2012-13"
475,1610612751,"Brooklyn Nets",82,49,33,0.598,3971,106.9,89.88,7433,"2012-13"
476,1610612766,"Charlotte Bobcats",82,21,61,0.256,3961,100.4,92.49,7632,"2012-13"
477,1610612741,"Chicago Bulls",82,45,37,0.549,3966,102.4,90.35,7460,"2012-13"
478,1610612739,"Cleveland Cavaliers",82,24,58,0.293,3946,103.2,93.25,7666,"2012-13"
479,1610612742,"Dallas Mavericks",82,41,41,0.5,3996,104.7,95.09,7917,"2012-13"
480,1610612743,"Denver Nuggets",82,57,25,0.695,3981,109.3,95.92,7960,"2012-13"
481,1610612765,"Detroit Pistons",82,29,53,0.354,3961,102.7,91.68,7571,"2012-13"
482,1610612744,"Golden State Warriors",82,47,35,0.573,3961,105.1,95.64,7893,"2012-13"
483,1610612745,"Houston Rockets",82,45,37,0.549,3956,108.8,96.89,7988,"2012-13"
484,1610612754,"Indiana Pacers",81,49,32,0.605,3918,103.4,90.9,7420,"2012-13"
485,1610612746,"Los Angeles Clippers",82,56,26,0.683,3946,109.8,91.83,7552,"2012-13"
486,1610612747,"Los Angeles Lakers",82,45,37,0.549,3951,107,95.08,7830,"2012-13"
487,1610612763,"Memphis Grizzlies",82,56,26,0.683,3961,103.6,89.56,7394,"2012-13"
488,1610612748,"Miami Heat",82,66,16,0.805,3976,111.4,91.26,7572,"2012-13"
489,1610612749,"Milwaukee Bucks",82,38,44,0.463,3966,102.5,95.65,7909,"2012-13"
490,1610612750,"Minnesota Timberwolves",82,31,51,0.378,3946,101.8,93.94,7712,"2012-13"
491,1610612740,"New Orleans Hornets",82,27,55,0.329,3956,104.5,89.5,7379,"2012-13"
492,1610612752,"New York Knicks",82,54,28,0.659,3946,109.8,90.68,7462,"2012-13"
493,1610612760,"Oklahoma City Thunder",82,60,22,0.732,3966,111,94.58,7808,"2012-13"
494,1610612753,"Orlando Magic",82,20,62,0.244,3956,100.9,92.81,7646,"2012-13"
495,1610612755,"Philadelphia 76ers",82,34,48,0.415,3951,101,91.88,7566,"2012-13"
496,1610612756,"Phoenix Suns",82,25,57,0.305,3961,100.2,94.48,7793,"2012-13"
497,1610612757,"Portland Trail Blazers",82,33,49,0.402,3971,104.5,92.46,7649,"2012-13"
498,1610612758,"Sacramento Kings",82,28,54,0.341,3966,105.3,94.65,7804,"2012-13"
499,1610612759,"San Antonio Spurs",82,58,24,0.707,3976,107,95.31,7892,"2012-13"
500,1610612761,"Toronto Raptors",82,34,48,0.415,3996,105,91.26,7591,"2012-13"
501,1610612762,"Utah Jazz",82,43,39,0.524,3976,105.4,92.05,7629,"2012-13"
502,1610612764,"Washington Wizards",82,29,53,0.354,3971,99.3,93.23,7699,"2012-13"
503,1610612737,"Atlanta Hawks",82,38,44,0.463,3966,104.9,95.41,7892,"2013-14"
504,1610612738,"Boston Celtics",82,25,57,0.305,3946,101.9,94.28,7745,"2013-14"
505,1610612751,"Brooklyn Nets",82,44,38,0.537,3976,105.4,92.42,7663,"2013-14"
506,1610612766,"Charlotte Bobcats",82,43,39,0.524,3981,103,92.93,7712,"2013-14"
507,1610612741,"Chicago Bulls",82,48,34,0.585,3986,101.7,90.84,7549,"2013-14"
508,1610612739,"Cleveland Cavaliers",82,33,49,0.402,3986,103.5,93.69,7784,"2013-14"
509,1610612742,"Dallas Mavericks",82,49,33,0.598,3966,109.5,94.94,7852,"2013-14"
510,1610612743,"Denver Nuggets",82,36,46,0.439,3951,105.1,98.95,8146,"2013-14"
511,1610612765,"Detroit Pistons",82,29,53,0.354,3956,105.2,95.57,7874,"2013-14"
512,1610612744,"Golden State Warriors",82,51,31,0.622,3966,106.3,97.37,8045,"2013-14"
513,1610612745,"Houston Rockets",82,54,28,0.659,3966,109.8,97.27,8040,"2013-14"
514,1610612754,"Indiana Pacers",82,56,26,0.683,3956,103.6,92.89,7656,"2013-14"
515,1610612746,"Los Angeles Clippers",82,57,25,0.695,3951,111.3,96.66,7954,"2013-14"
516,1610612747,"Los Angeles Lakers",82,27,55,0.329,3941,103.2,99.72,8177,"2013-14"
517,1610612763,"Memphis Grizzlies",82,50,32,0.61,3961,105.5,90.58,7476,"2013-14"
518,1610612748,"Miami Heat",82,54,28,0.659,3976,110,91.9,7615,"2013-14"
519,1610612749,"Milwaukee Bucks",82,15,67,0.183,3976,101.9,92.96,7685,"2013-14"
520,1610612750,"Minnesota Timberwolves",82,40,42,0.488,3971,107.7,98.33,8139,"2013-14"
521,1610612740,"New Orleans Pelicans",82,34,48,0.415,3971,106.2,93.07,7703,"2013-14"
522,1610612752,"New York Knicks",82,37,45,0.451,3971,107,91.24,7556,"2013-14"
523,1610612760,"Oklahoma City Thunder",82,59,23,0.72,3961,109.4,96.33,7954,"2013-14"
524,1610612753,"Orlando Magic",82,23,59,0.28,3991,101,94.27,7837,"2013-14"
525,1610612755,"Philadelphia 76ers",82,19,63,0.232,3971,99,99.74,8236,"2013-14"
526,1610612756,"Phoenix Suns",82,48,34,0.585,3951,108.2,96.83,7973,"2013-14"
527,1610612757,"Portland Trail Blazers",82,54,28,0.659,3971,110.4,95.9,7930,"2013-14"
528,1610612758,"Sacramento Kings",82,28,54,0.341,3966,105.1,95.04,7840,"2013-14"
529,1610612759,"San Antonio Spurs",82,62,20,0.756,3951,109.5,95.87,7887,"2013-14"
530,1610612761,"Toronto Raptors",82,48,34,0.585,3991,107.9,92.48,7696,"2013-14"
531,1610612762,"Utah Jazz",82,25,57,0.305,3956,102.4,92.32,7605,"2013-14"
532,1610612764,"Washington Wizards",82,44,38,0.537,4011,104.9,94.18,7872,"2013-14"
533,1610612737,"Atlanta Hawks",82,60,22,0.732,3946,108.2,94.66,7775,"2014-15"
534,1610612738,"Boston Celtics",82,40,42,0.488,3976,103.8,96.71,8007,"2014-15"
535,1610612751,"Brooklyn Nets",82,38,44,0.463,3986,103.4,93.69,7777,"2014-15"
536,1610612766,"Charlotte Hornets",82,33,49,0.402,3981,99.6,93.45,7753,"2014-15"
537,1610612741,"Chicago Bulls",82,50,32,0.61,3976,106.3,93.8,7775,"2014-15"
538,1610612739,"Cleveland Cavaliers",82,53,29,0.646,3956,110.1,93.23,7682,"2014-15"
539,1610612742,"Dallas Mavericks",82,50,32,0.61,3976,108.2,96.4,7976,"2014-15"
540,1610612743,"Denver Nuggets",82,30,52,0.366,3976,103.9,96.87,8011,"2014-15"
541,1610612765,"Detroit Pistons",82,32,50,0.39,3966,104.3,93.68,7741,"2014-15"
542,1610612744,"Golden State Warriors",82,67,15,0.817,3946,110.4,99.28,8170,"2014-15"
543,1610612745,"Houston Rockets",82,56,26,0.683,3961,106,97.36,8037,"2014-15"
544,1610612754,"Indiana Pacers",82,38,44,0.463,3971,102.9,93.67,7753,"2014-15"
545,1610612746,"Los Angeles Clippers",82,56,26,0.683,3946,111.6,95.4,7844,"2014-15"
546,1610612747,"Los Angeles Lakers",82,21,61,0.256,3986,102.3,95.03,7892,"2014-15"
547,1610612763,"Memphis Grizzlies",82,55,27,0.671,3981,104.8,92.82,7696,"2014-15"
548,1610612748,"Miami Heat",82,37,45,0.451,3946,103.2,91.49,7526,"2014-15"
549,1610612749,"Milwaukee Bucks",82,41,41,0.5,3986,102,94.82,7867,"2014-15"
550,1610612750,"Minnesota Timberwolves",82,16,66,0.195,3961,101.8,95.45,7873,"2014-15"
551,1610612740,"New Orleans Pelicans",82,45,37,0.549,3956,107.1,92.29,7608,"2014-15"
552,1610612752,"New York Knicks",82,17,65,0.207,3971,98.9,92.06,7618,"2014-15"
553,1610612760,"Oklahoma City Thunder",82,45,37,0.549,3966,106.7,96.61,7988,"2014-15"
554,1610612753,"Orlando Magic",82,25,57,0.305,3951,101,94.51,7773,"2014-15"
555,1610612755,"Philadelphia 76ers",82,18,64,0.22,3961,94.9,96.45,7950,"2014-15"
556,1610612756,"Phoenix Suns",82,39,43,0.476,3976,104.2,97.2,8058,"2014-15"
557,1610612757,"Portland Trail Blazers",82,51,31,0.622,3971,107.1,95.06,7868,"2014-15"
558,1610612758,"Sacramento Kings",82,29,53,0.354,3971,104.5,96.16,7952,"2014-15"
559,1610612759,"San Antonio Spurs",82,55,27,0.671,3991,107.6,94.45,7860,"2014-15"
560,1610612761,"Toronto Raptors",82,49,33,0.598,3971,110.2,93.46,7736,"2014-15"
561,1610612762,"Utah Jazz",82,38,44,0.463,3941,104.2,91.1,7486,"2014-15"
562,1610612764,"Washington Wizards",82,46,36,0.561,3991,103,94.29,7844,"2014-15"
563,1610612737,"Atlanta Hawks",82,48,34,0.585,3966,104.6,97.63,8059,"2015-16"
564,1610612738,"Boston Celtics",82,48,34,0.585,3956,105.8,99.43,8191,"2015-16"
565,1610612751,"Brooklyn Nets",82,21,61,0.256,3951,102.4,96.12,7903,"2015-16"
566,1610612766,"Charlotte Hornets",82,48,34,0.585,3971,106.4,96.24,7966,"2015-16"
567,1610612741,"Chicago Bulls",82,42,40,0.512,3981,104.1,96.6,8008,"2015-16"
568,1610612739,"Cleveland Cavaliers",82,57,25,0.695,3971,110.2,93.82,7764,"2015-16"
569,1610612742,"Dallas Mavericks",82,42,40,0.512,4001,105.5,95.34,7950,"2015-16"
570,1610612743,"Denver Nuggets",82,33,49,0.402,3966,104.9,96.34,7963,"2015-16"
571,1610612765,"Detroit Pistons",82,44,38,0.537,3976,105.3,95.75,7942,"2015-16"
572,1610612744,"Golden State Warriors",82,73,9,0.89,3976,113.5,100.24,8303,"2015-16"
573,1610612745,"Houston Rockets",82,41,41,0.5,3966,107.3,98.42,8139,"2015-16"
574,1610612754,"Indiana Pacers",82,45,37,0.549,3976,103.8,97.35,8068,"2015-16"
575,1610612746,"LA Clippers",82,53,29,0.646,3966,107.2,96.81,7995,"2015-16"
576,1610612747,"Los Angeles Lakers",82,17,65,0.207,3946,100.7,96.55,7930,"2015-16"
577,1610612763,"Memphis Grizzlies",82,42,40,0.512,3966,104.7,93.95,7763,"2015-16"
578,1610612748,"Miami Heat",82,48,34,0.585,3966,105.5,94.14,7779,"2015-16"
579,1610612749,"Milwaukee Bucks",82,33,49,0.402,3966,103.4,95.05,7858,"2015-16"
580,1610612750,"Minnesota Timberwolves",82,29,53,0.354,3976,105.4,96.2,7965,"2015-16"
581,1610612740,"New Orleans Pelicans",82,30,52,0.366,3956,104.8,97.64,8041,"2015-16"
582,1610612752,"New York Knicks",82,32,50,0.39,3961,103.9,94.12,7763,"2015-16"
583,1610612760,"Oklahoma City Thunder",82,55,27,0.671,3966,112.1,97.54,8061,"2015-16"
584,1610612753,"Orlando Magic",82,35,47,0.427,3981,104.4,96.68,8018,"2015-16"
585,1610612755,"Philadelphia 76ers",82,10,72,0.122,3961,98.4,98.44,8119,"2015-16"
586,1610612756,"Phoenix Suns",82,23,59,0.28,3941,101.5,99.39,8152,"2015-16"
587,1610612757,"Portland Trail Blazers",82,44,38,0.537,3961,107.6,97.06,8012,"2015-16"
588,1610612758,"Sacramento Kings",82,33,49,0.402,3961,105.3,100.66,8302,"2015-16"
589,1610612759,"San Antonio Spurs",82,67,15,0.817,3941,109.3,94.54,7767,"2015-16"
590,1610612761,"Toronto Raptors",82,56,26,0.683,3956,109.3,93.35,7707,"2015-16"
591,1610612762,"Utah Jazz",82,40,42,0.488,3991,105,91.66,7625,"2015-16"
592,1610612764,"Washington Wizards",82,41,41,0.5,3951,104.5,99.16,8163,"2015-16"
593,1610612737,"Atlanta Hawks",82,43,39,0.524,3976,104.5,97.76,8091,"2016-17"
594,1610612738,"Boston Celtics",82,53,29,0.646,3951,110.6,97.21,8005,"2016-17"
595,1610612751,"Brooklyn Nets",82,20,62,0.244,3951,103.6,101.75,8371,"2016-17"
596,1610612766,"Charlotte Hornets",82,36,46,0.439,3966,108.4,95.92,7934,"2016-17"
597,1610612741,"Chicago Bulls",82,41,41,0.5,3956,106.5,96.02,7919,"2016-17"
598,1610612739,"Cleveland Cavaliers",82,51,31,0.622,3976,112.8,96.74,8019,"2016-17"
599,1610612742,"Dallas Mavericks",82,33,49,0.402,3956,104.7,93.11,7668,"2016-17"
600,1610612743,"Denver Nuggets",82,40,42,0.488,3951,112.2,99.18,8167,"2016-17"
601,1610612765,"Detroit Pistons",82,37,45,0.451,3961,105.3,95.52,7890,"2016-17"
602,1610612744,"Golden State Warriors",82,67,15,0.817,3956,114.8,100.37,8279,"2016-17"
603,1610612745,"Houston Rockets",82,55,27,0.671,3956,114.1,100.55,8289,"2016-17"
604,1610612754,"Indiana Pacers",82,42,40,0.512,3971,107.9,96.59,7989,"2016-17"
605,1610612746,"LA Clippers",82,51,31,0.622,3951,111.8,96.77,7968,"2016-17"
606,1610612747,"Los Angeles Lakers",82,26,56,0.317,3941,105.3,99.26,8143,"2016-17"
607,1610612763,"Memphis Grizzlies",82,43,39,0.524,3981,107,92.84,7702,"2016-17"
608,1610612748,"Miami Heat",82,41,41,0.5,3956,107.4,95.51,7875,"2016-17"
609,1610612749,"Milwaukee Bucks",82,42,40,0.512,3956,108.5,94.99,7828,"2016-17"
610,1610612750,"Minnesota Timberwolves",82,31,51,0.378,3961,110,95.48,7870,"2016-17"
611,1610612740,"New Orleans Pelicans",82,34,48,0.415,3981,104.7,98.56,8173,"2016-17"
612,1610612752,"New York Knicks",82,31,51,0.378,3971,107.1,96.63,7990,"2016-17"
613,1610612760,"Oklahoma City Thunder",82,47,35,0.573,3961,107.9,98.18,8099,"2016-17"
614,1610612753,"Orlando Magic",82,29,53,0.354,3961,103.7,96.9,7989,"2016-17"
615,1610612755,"Philadelphia 76ers",82,28,54,0.341,3966,102.7,99.07,8179,"2016-17"
616,1610612756,"Phoenix Suns",82,24,58,0.293,3966,106.1,100.85,8320,"2016-17"
617,1610612757,"Portland Trail Blazers",82,41,41,0.5,3986,109.4,97.38,8088,"2016-17"
618,1610612758,"Sacramento Kings",82,32,50,0.39,3976,106.6,95.42,7911,"2016-17"
619,1610612759,"San Antonio Spurs",82,61,21,0.744,3961,110.3,94.86,7832,"2016-17"
620,1610612761,"Toronto Raptors",82,51,31,0.622,3956,111.4,95.41,7867,"2016-17"
621,1610612762,"Utah Jazz",82,51,31,0.622,3951,109,92.09,7579,"2016-17"
622,1610612764,"Washington Wizards",82,49,33,0.598,3971,110.4,97.94,8109,"2016-17"
623,1610612737,"Atlanta Hawks",82,24,58,0.293,3941,104.4,98.76,8114,"2017-18"
624,1610612738,"Boston Celtics",82,55,27,0.671,3961,106.8,96.75,7987,"2017-18"
625,1610612751,"Brooklyn Nets",82,28,54,0.341,3971,106.1,99.66,8238,"2017-18"
626,1610612766,"Charlotte Hornets",82,36,46,0.439,3956,109,98.66,8143,"2017-18"
627,1610612741,"Chicago Bulls",82,27,55,0.329,3971,103.4,98.65,8160,"2017-18"
628,1610612739,"Cleveland Cavaliers",82,50,32,0.61,3946,112,98.72,8114,"2017-18"
629,1610612742,"Dallas Mavericks",82,24,58,0.293,3961,105.4,96.53,7959,"2017-18"
630,1610612743,"Denver Nuggets",82,46,36,0.561,3976,111.4,97.69,8095,"2017-18"
631,1610612765,"Detroit Pistons",82,39,43,0.476,3961,106.6,96.75,7981,"2017-18"
632,1610612744,"Golden State Warriors",82,58,24,0.707,3946,112.8,100.35,8251,"2017-18"
633,1610612745,"Houston Rockets",82,65,17,0.793,3951,114.1,98.02,8078,"2017-18"
634,1610612754,"Indiana Pacers",82,48,34,0.585,3951,108.5,96.84,7977,"2017-18"
635,1610612746,"LA Clippers",82,42,40,0.512,3941,109.4,99.54,8167,"2017-18"
636,1610612747,"Los Angeles Lakers",82,35,47,0.427,3981,106,100.9,8361,"2017-18"
637,1610612763,"Memphis Grizzlies",82,22,60,0.268,3941,103.6,95.65,7865,"2017-18"
638,1610612748,"Miami Heat",82,44,38,0.537,3986,106.2,96.1,7985,"2017-18"
639,1610612749,"Milwaukee Bucks",82,44,38,0.537,3966,109,97.03,8013,"2017-18"
640,1610612750,"Minnesota Timberwolves",82,47,35,0.573,3961,112.5,96.75,7985,"2017-18"
641,1610612740,"New Orleans Pelicans",82,48,34,0.585,3991,108.5,101.48,8443,"2017-18"
642,1610612752,"New York Knicks",82,29,53,0.354,3966,106.3,97.64,8059,"2017-18"
643,1610612760,"Oklahoma City Thunder",82,48,34,0.585,3966,110.1,97.34,8036,"2017-18"
644,1610612753,"Orlando Magic",82,25,57,0.305,3946,104.7,98.58,8096,"2017-18"
645,1610612755,"Philadelphia 76ers",82,52,30,0.634,3956,108.5,100.75,8299,"2017-18"
646,1610612756,"Phoenix Suns",82,21,61,0.256,3941,102.8,101.14,8293,"2017-18"
647,1610612757,"Portland Trail Blazers",82,49,33,0.598,3951,108.4,97.11,7992,"2017-18"
648,1610612758,"Sacramento Kings",82,27,55,0.329,3951,103.1,95.5,7860,"2017-18"
649,1610612759,"San Antonio Spurs",82,47,35,0.573,3946,107.1,95.7,7867,"2017-18"
650,1610612761,"Toronto Raptors",82,59,23,0.72,3966,113,98.02,8104,"2017-18"
651,1610612762,"Utah Jazz",82,48,34,0.585,3951,107.4,96.58,7951,"2017-18"
652,1610612764,"Washington Wizards",82,43,39,0.524,3971,108.1,97.67,8087,"2017-18"
653,1610612737,"Atlanta Hawks",82,29,53,0.354,3971,107.5,104.56,8642,"2018-19"
654,1610612738,"Boston Celtics",82,49,33,0.598,3956,111.3,100.43,8282,"2018-19"
655,1610612751,"Brooklyn Nets",82,42,40,0.512,3996,108.9,101.52,8452,"2018-19"
656,1610612766,"Charlotte Hornets",82,39,43,0.476,3966,110.7,99.18,8202,"2018-19"
657,1610612741,"Chicago Bulls",82,22,60,0.268,3981,104.5,99.3,8232,"2018-19"
658,1610612739,"Cleveland Cavaliers",82,19,63,0.232,3951,106.8,97.37,8021,"2018-19"
659,1610612742,"Dallas Mavericks",82,33,49,0.402,3956,108.7,99.6,8216,"2018-19"
660,1610612743,"Denver Nuggets",82,54,28,0.659,3946,112.1,98.49,8096,"2018-19"
661,1610612765,"Detroit Pistons",82,41,41,0.5,3971,108.4,97.88,8101,"2018-19"
662,1610612744,"Golden State Warriors",82,57,25,0.695,3961,115,101.74,8390,"2018-19"
663,1610612745,"Houston Rockets",82,53,29,0.646,3966,114.9,98.39,8130,"2018-19"
664,1610612754,"Indiana Pacers",82,48,34,0.585,3941,109.4,98.64,8097,"2018-19"
665,1610612746,"LA Clippers",82,48,34,0.585,3966,111.4,102.66,8475,"2018-19"
666,1610612747,"Los Angeles Lakers",82,37,45,0.451,3956,107.4,103.6,8534,"2018-19"
667,1610612763,"Memphis Grizzlies",82,33,49,0.402,3976,105.6,97.15,8038,"2018-19"
668,1610612748,"Miami Heat",82,39,43,0.476,3946,106.7,98.73,8122,"2018-19"
669,1610612749,"Milwaukee Bucks",82,60,22,0.732,3956,113.5,103.57,8533,"2018-19"
670,1610612750,"Minnesota Timberwolves",82,36,46,0.439,3966,110.6,100.88,8341,"2018-19"
671,1610612740,"New Orleans Pelicans",82,33,49,0.402,3951,110.7,103.89,8553,"2018-19"
672,1610612752,"New York Knicks",82,17,65,0.207,3956,104,100.16,8244,"2018-19"
673,1610612760,"Oklahoma City Thunder",82,49,33,0.598,3971,109.8,103.38,8549,"2018-19"
674,1610612753,"Orlando Magic",82,42,40,0.512,3956,108.2,98.65,8133,"2018-19"
675,1610612755,"Philadelphia 76ers",82,51,31,0.622,3961,111.6,102.59,8467,"2018-19"
676,1610612756,"Phoenix Suns",82,19,63,0.232,3976,105.3,101.15,8371,"2018-19"
677,1610612757,"Portland Trail Blazers",82,53,29,0.646,3971,113.7,99.96,8269,"2018-19"
678,1610612758,"Sacramento Kings",82,39,43,0.476,3946,109.6,103.88,8545,"2018-19"
679,1610612759,"San Antonio Spurs",82,48,34,0.585,3961,112.2,98.88,8162,"2018-19"
680,1610612761,"Toronto Raptors",82,58,24,0.707,3976,112.6,100.51,8334,"2018-19"
681,1610612762,"Utah Jazz",82,50,32,0.61,3951,110.3,100.84,8308,"2018-19"
682,1610612764,"Washington Wizards",82,32,50,0.39,3986,110.2,102.23,8486,"2018-19"
683,1610612737,"Atlanta Hawks",67,20,47,0.299,3256,107,103.28,6999,"2019-20"
684,1610612738,"Boston Celtics",72,48,24,0.667,3486,112.8,99.92,7255,"2019-20"
685,1610612751,"Brooklyn Nets",72,35,37,0.486,3496,108.7,101.7,7404,"2019-20"
686,1610612766,"Charlotte Hornets",65,23,42,0.354,3150,105.9,96.24,6317,"2019-20"
687,1610612741,"Chicago Bulls",65,22,43,0.338,3135,105.8,100.46,6563,"2019-20"
688,1610612739,"Cleveland Cavaliers",65,19,46,0.292,3145,106.9,99.17,6497,"2019-20"
689,1610612742,"Dallas Mavericks",75,43,32,0.573,3635,115.9,99.89,7569,"2019-20"
690,1610612743,"Denver Nuggets",73,46,27,0.63,3549,112.6,97.64,7217,"2019-20"
691,1610612765,"Detroit Pistons",66,20,46,0.303,3193,108.8,97.86,6507,"2019-20"
692,1610612744,"Golden State Warriors",65,15,50,0.231,3145,104.4,101.04,6623,"2019-20"
693,1610612745,"Houston Rockets",72,44,28,0.611,3476,112.5,104.04,7539,"2019-20"
694,1610612754,"Indiana Pacers",73,45,28,0.616,3524,109.5,99.41,7299,"2019-20"
695,1610612746,"LA Clippers",72,49,23,0.681,3476,113.3,102.16,7396,"2019-20"
696,1610612747,"Los Angeles Lakers",71,52,19,0.732,3418,111.7,101.2,7211,"2019-20"
697,1610612763,"Memphis Grizzlies",73,34,39,0.466,3514,108.7,103.31,7562,"2019-20"
698,1610612748,"Miami Heat",73,44,29,0.603,3549,111.9,98.7,7306,"2019-20"
699,1610612749,"Milwaukee Bucks",73,56,17,0.767,3519,111.9,105.51,7739,"2019-20"
700,1610612750,"Minnesota Timberwolves",64,19,45,0.297,3112,107.6,103.94,6736,"2019-20"
701,1610612740,"New Orleans Pelicans",72,30,42,0.417,3486,110.5,103.89,7548,"2019-20"
702,1610612752,"New York Knicks",66,21,45,0.318,3193,105.9,99.11,6594,"2019-20"
703,1610612760,"Oklahoma City Thunder",72,44,28,0.611,3486,110.1,99.42,7218,"2019-20"
704,1610612753,"Orlando Magic",73,33,40,0.452,3514,107.9,98.99,7255,"2019-20"
705,1610612755,"Philadelphia 76ers",73,43,30,0.589,3519,110.7,99.59,7304,"2019-20"
706,1610612756,"Phoenix Suns",73,34,39,0.466,3519,111.3,101.74,7449,"2019-20"
707,1610612757,"Portland Trail Blazers",74,35,39,0.473,3567,113.2,101.17,7519,"2019-20"
708,1610612758,"Sacramento Kings",72,31,41,0.431,3491,109.5,99.6,7239,"2019-20"
709,1610612759,"San Antonio Spurs",71,32,39,0.451,3443,111.7,101.14,7249,"2019-20"
710,1610612761,"Toronto Raptors",72,53,19,0.736,3476,110.8,101.19,7328,"2019-20"
711,1610612762,"Utah Jazz",72,44,28,0.611,3471,111.8,99.15,7169,"2019-20"
712,1610612764,"Washington Wizards",72,25,47,0.347,3471,110.2,103.38,7475,"2019-20"
713,1610612737,"Atlanta Hawks",72,41,31,0.569,3481,114.3,98.68,7160,"2020-21"
714,1610612738,"Boston Celtics",72,36,36,0.5,3476,113.1,98.94,7172,"2020-21"
715,1610612751,"Brooklyn Nets",72,48,24,0.667,3481,117.3,100.27,7280,"2020-21"
716,1610612766,"Charlotte Hornets",72,33,39,0.458,3471,110.1,99,7159,"2020-21"
717,1610612741,"Chicago Bulls",72,31,41,0.431,3476,110.4,99.58,7220,"2020-21"
718,1610612739,"Cleveland Cavaliers",72,22,50,0.306,3486,105.2,97.96,7107,"2020-21"
719,1610612742,"Dallas Mavericks",72,42,30,0.583,3461,114.6,97.94,7062,"2020-21"
720,1610612743,"Denver Nuggets",72,47,25,0.653,3496,116.3,97.74,7123,"2020-21"
721,1610612765,"Detroit Pistons",72,20,52,0.278,3486,107.6,98.19,7132,"2020-21"
722,1610612744,"Golden State Warriors",72,39,33,0.542,3461,110.5,102.81,7412,"2020-21"
723,1610612745,"Houston Rockets",72,17,55,0.236,3461,107,101.69,7320,"2020-21"
724,1610612754,"Indiana Pacers",72,34,38,0.472,3491,111.9,102.05,7419,"2020-21"
725,1610612746,"LA Clippers",72,47,25,0.653,3456,116.7,97.63,7036,"2020-21"
726,1610612747,"Los Angeles Lakers",72,42,30,0.583,3491,109.8,98.85,7184,"2020-21"
727,1610612763,"Memphis Grizzlies",72,38,34,0.528,3481,111.7,100.77,7302,"2020-21"
728,1610612748,"Miami Heat",72,40,32,0.556,3476,110.6,97.09,7036,"2020-21"
729,1610612749,"Milwaukee Bucks",72,46,26,0.639,3466,116.5,102.85,7423,"2020-21"
730,1610612750,"Minnesota Timberwolves",72,23,49,0.319,3481,109.3,101.96,7389,"2020-21"
731,1610612740,"New Orleans Pelicans",72,31,41,0.431,3486,113,100.54,7303,"2020-21"
732,1610612752,"New York Knicks",72,41,31,0.569,3486,110.2,96.32,6994,"2020-21"
733,1610612760,"Oklahoma City Thunder",72,22,50,0.306,3471,102.8,101.61,7353,"2020-21"
734,1610612753,"Orlando Magic",72,21,51,0.292,3466,104.6,99.17,7158,"2020-21"
735,1610612755,"Philadelphia 76ers",72,49,23,0.681,3486,112.5,100.12,7272,"2020-21"
736,1610612756,"Phoenix Suns",72,51,21,0.708,3496,116.3,98,7137,"2020-21"
737,1610612757,"Portland Trail Blazers",72,42,30,0.583,3461,117.1,98.97,7137,"2020-21"
738,1610612758,"Sacramento Kings",72,31,41,0.431,3461,112.7,100.71,7266,"2020-21"
739,1610612759,"San Antonio Spurs",72,33,39,0.458,3496,110.5,99.45,7236,"2020-21"
740,1610612761,"Toronto Raptors",72,27,45,0.375,3461,111.6,99.57,7177,"2020-21"
741,1610612762,"Utah Jazz",72,52,20,0.722,3471,116.5,99.37,7193,"2020-21"
742,1610612764,"Washington Wizards",72,34,38,0.472,3481,110.7,104.67,7585,"2020-21"
743,1610612737,"Atlanta Hawks",82,43,39,0.524,3941,115.4,98.67,8099,"2021-22"
744,1610612738,"Boston Celtics",82,51,31,0.622,3981,113.6,97.26,8068,"2021-22"
745,1610612751,"Brooklyn Nets",82,44,38,0.537,3951,113.2,99.4,8177,"2021-22"
746,1610612766,"Charlotte Hornets",82,43,39,0.524,3976,113.6,100.52,8322,"2021-22"
747,1610612741,"Chicago Bulls",82,46,36,0.561,3946,112.7,98.76,8124,"2021-22"
748,1610612739,"Cleveland Cavaliers",82,44,38,0.537,3946,111,96.83,7964,"2021-22"
749,1610612742,"Dallas Mavericks",82,52,30,0.634,3951,112.5,95.64,7871,"2021-22"
750,1610612743,"Denver Nuggets",82,48,34,0.585,3961,113.8,98.41,8123,"2021-22"
751,1610612765,"Detroit Pistons",82,23,59,0.28,3956,105.6,98.81,8141,"2021-22"
752,1610612744,"Golden State Warriors",82,53,29,0.646,3946,112.1,98.74,8121,"2021-22"
753,1610612745,"Houston Rockets",82,20,62,0.244,3951,108.1,101.16,8323,"2021-22"
754,1610612754,"Indiana Pacers",82,25,57,0.305,3976,111.9,98.55,8166,"2021-22"
755,1610612746,"LA Clippers",82,42,40,0.512,3956,109.5,98.51,8121,"2021-22"
756,1610612747,"Los Angeles Lakers",82,33,49,0.402,3996,110,100.47,8360,"2021-22"
757,1610612763,"Memphis Grizzlies",82,56,26,0.683,3956,114.3,100.52,8295,"2021-22"
758,1610612748,"Miami Heat",82,53,29,0.646,3971,113,96.53,7987,"2021-22"
759,1610612749,"Milwaukee Bucks",82,51,31,0.622,3951,114.3,100.59,8284,"2021-22"
760,1610612750,"Minnesota Timberwolves",82,46,36,0.561,3956,113.8,101.47,8357,"2021-22"
761,1610612740,"New Orleans Pelicans",82,36,46,0.439,3951,111.2,98.02,8060,"2021-22"
762,1610612752,"New York Knicks",82,37,45,0.451,3956,109.7,96.42,7958,"2021-22"
763,1610612760,"Oklahoma City Thunder",82,24,58,0.293,3961,103.8,99.39,8198,"2021-22"
764,1610612753,"Orlando Magic",82,22,60,0.268,3956,103.9,99.71,8223,"2021-22"
765,1610612755,"Philadelphia 76ers",82,51,31,0.622,3961,113,96.71,7975,"2021-22"
766,1610612756,"Phoenix Suns",82,64,18,0.78,3946,114.2,100.26,8242,"2021-22"
767,1610612757,"Portland Trail Blazers",82,27,55,0.329,3946,107.3,98.74,8120,"2021-22"
768,1610612758,"Sacramento Kings",82,30,52,0.366,3961,109.6,100.1,8252,"2021-22"
769,1610612759,"San Antonio Spurs",82,34,48,0.415,3961,111.9,100.51,8290,"2021-22"
770,1610612761,"Toronto Raptors",82,48,34,0.585,3971,112.1,96.63,8000,"2021-22"
771,1610612762,"Utah Jazz",82,49,33,0.598,3946,116.2,97.5,8014,"2021-22"
772,1610612764,"Washington Wizards",82,35,47,0.427,3966,110.2,97.8,8079,"2021-22"
773,1610612737,"Atlanta Hawks",82,41,41,0.5,3971,115.5,101.56,8407,"2022-23"
774,1610612738,"Boston Celtics",82,57,25,0.695,3996,117.3,99.15,8247,"2022-23"
775,1610612751,"Brooklyn Nets",82,45,37,0.549,3946,114.6,98.77,8111,"2022-23"
776,1610612766,"Charlotte Hornets",82,27,55,0.329,3966,108.4,101.47,8390,"2022-23"
777,1610612741,"Chicago Bulls",82,40,42,0.488,3981,112.8,99.18,8225,"2022-23"
778,1610612739,"Cleveland Cavaliers",82,51,31,0.622,3976,115.5,96.27,7972,"2022-23"
779,1610612742,"Dallas Mavericks",82,38,44,0.463,3986,115.9,97.21,8082,"2022-23"
780,1610612743,"Denver Nuggets",82,53,29,0.646,3951,116.8,98.74,8129,"2022-23"
781,1610612765,"Detroit Pistons",82,17,65,0.207,3961,109.9,99.88,8231,"2022-23"
782,1610612744,"Golden State Warriors",82,44,38,0.537,3966,115.1,102.54,8472,"2022-23"
783,1610612745,"Houston Rockets",82,22,60,0.268,3951,110.5,99.74,8220,"2022-23"
784,1610612754,"Indiana Pacers",82,35,47,0.427,3951,113.8,101.68,8377,"2022-23"
785,1610612746,"LA Clippers",82,44,38,0.537,3966,114,98.84,8168,"2022-23"
786,1610612747,"Los Angeles Lakers",82,43,39,0.524,3976,113.9,101.92,8436,"2022-23"
787,1610612763,"Memphis Grizzlies",82,51,31,0.622,3956,114.7,101.5,8360,"2022-23"
788,1610612748,"Miami Heat",82,44,38,0.537,3961,112.3,96.76,7991,"2022-23"
789,1610612749,"Milwaukee Bucks",82,58,24,0.707,3966,114.3,101.45,8389,"2022-23"
790,1610612750,"Minnesota Timberwolves",82,42,40,0.512,3966,113.3,101.55,8383,"2022-23"
791,1610612740,"New Orleans Pelicans",82,42,40,0.512,3971,113.8,99.58,8239,"2022-23"
792,1610612752,"New York Knicks",82,47,35,0.573,3991,117,97.75,8134,"2022-23"
793,1610612760,"Oklahoma City Thunder",82,40,42,0.488,3971,114.2,101.94,8435,"2022-23"
794,1610612753,"Orlando Magic",82,34,48,0.415,3956,111.3,99.66,8205,"2022-23"
795,1610612755,"Philadelphia 76ers",82,54,28,0.659,3976,117,97.44,8072,"2022-23"
796,1610612756,"Phoenix Suns",82,45,37,0.549,3956,114.5,98.83,8141,"2022-23"
797,1610612757,"Portland Trail Blazers",82,33,49,0.402,3946,114,99.25,8157,"2022-23"
798,1610612758,"Sacramento Kings",82,48,34,0.585,3966,118.6,100.99,8343,"2022-23"
799,1610612759,"San Antonio Spurs",82,22,60,0.268,3971,109.7,102.07,8451,"2022-23"
800,1610612761,"Toronto Raptors",82,41,41,0.5,3961,114.6,97.85,8076,"2022-23"
801,1610612762,"Utah Jazz",82,37,45,0.451,3961,115.3,101.02,8329,"2022-23"
802,1610612764,"Washington Wizards",82,35,47,0.427,3951,113.7,99.16,8161,"2022-23"
803,1610612737,"Atlanta Hawks",82,36,46,0.439,3971,116.4,100.84,8339,"2023-24"
804,1610612738,"Boston Celtics",82,64,18,0.78,3966,122.2,97.98,8090,"2023-24"
805,1610612751,"Brooklyn Nets",82,32,50,0.39,3961,112.4,97.56,8050,"2023-24"
806,1610612766,"Charlotte Hornets",82,21,61,0.256,3946,108.6,97.82,8048,"2023-24"
807,1610612741,"Chicago Bulls",82,39,43,0.476,3996,114,96.94,8078,"2023-24"
808,1610612739,"Cleveland Cavaliers",82,48,34,0.585,3961,114.7,97.62,8053,"2023-24"
809,1610612742,"Dallas Mavericks",82,50,32,0.61,3941,117,100.6,8263,"2023-24"
810,1610612743,"Denver Nuggets",82,57,25,0.695,3941,117.8,97.43,7996,"2023-24"
811,1610612765,"Detroit Pistons",82,14,68,0.171,3951,109,100.45,8269,"2023-24"
812,1610612744,"Golden State Warriors",82,46,36,0.561,3966,116.9,99.91,8261,"2023-24"
813,1610612745,"Houston Rockets",82,41,41,0.5,3971,113.7,99.59,8248,"2023-24"
814,1610612754,"Indiana Pacers",82,47,35,0.573,3941,120.5,102.16,8389,"2023-24"
815,1610612746,"LA Clippers",82,51,31,0.622,3941,117.9,97.93,8040,"2023-24"
816,1610612747,"Los Angeles Lakers",82,47,35,0.573,3971,115.4,101.38,8387,"2023-24"
817,1610612763,"Memphis Grizzlies",82,27,55,0.329,3956,106.8,98.68,8128,"2023-24"
818,1610612748,"Miami Heat",82,46,36,0.561,3951,113.3,96.88,7975,"2023-24"
819,1610612749,"Milwaukee Bucks",82,49,33,0.598,3961,117.6,100.51,8295,"2023-24"
820,1610612750,"Minnesota Timberwolves",82,56,26,0.683,3961,114.6,97.79,8081,"2023-24"
821,1610612740,"New Orleans Pelicans",82,49,33,0.598,3941,116.5,98.7,8101,"2023-24"
822,1610612752,"New York Knicks",82,50,32,0.61,3946,117.3,95.96,7883,"2023-24"
823,1610612760,"Oklahoma City Thunder",82,57,25,0.695,3961,118.3,100.85,8324,"2023-24"
824,1610612753,"Orlando Magic",82,47,35,0.573,3956,112.9,97.37,8022,"2023-24"
825,1610612755,"Philadelphia 76ers",82,47,35,0.573,3956,116.2,98.17,8090,"2023-24"
826,1610612756,"Phoenix Suns",82,49,33,0.598,3956,116.8,99,8158,"2023-24"
827,1610612757,"Portland Trail Blazers",82,21,61,0.256,3976,107.6,97.88,8103,"2023-24"
828,1610612758,"Sacramento Kings",82,46,36,0.561,3971,116.2,99.47,8227,"2023-24"
829,1610612759,"San Antonio Spurs",82,22,60,0.268,3966,109.3,101.8,8413,"2023-24"
830,1610612761,"Toronto Raptors",82,25,57,0.305,3961,111.8,99.91,8241,"2023-24"
831,1610612762,"Utah Jazz",82,31,51,0.378,3961,114.5,100.26,8281,"2023-24"
832,1610612764,"Washington Wizards",82,15,67,0.183,3946,110.2,103.07,8461,"2023-24"
